<?xml version="1.0"?>
<doc>
    <assembly>
        <name>Autofac.Integration.WebApi</name>
    </assembly>
    <members>
        <member name="T:Autofac.Integration.WebApi.AutofacActionFilterAdapter">
            <summary>
            This is an adapter responsible for wrapping the old style <see cref="T:Autofac.Integration.WebApi.IAutofacActionFilter"/>
            and converting it to a <see cref="T:Autofac.Integration.WebApi.IAutofacContinuationActionFilter"/>.
            </summary>
            <remarks>
            The adapter from old -> new is registered in <see cref="M:Autofac.Integration.WebApi.RegistrationExtensions.RegisterWebApiFilterProvider(Autofac.ContainerBuilder,System.Web.Http.HttpConfiguration)"/>.
            </remarks>
        </member>
        <member name="M:Autofac.Integration.WebApi.AutofacActionFilterAdapter.CallOnActionExecutedAsync(System.Web.Http.Controllers.HttpActionContext,System.Threading.CancellationToken,System.Func{System.Threading.Tasks.Task{System.Net.Http.HttpResponseMessage}})">
            <summary>
            The content of this method is taken from the ActionFilterAttribute code in the ASP.NET source, since
            that is basically the reference implementation for invoking an async filter's OnActionExecuted correctly.
            </summary>
        </member>
        <member name="T:Autofac.Integration.WebApi.ContinuationActionFilterOverrideWrapper">
            <summary>
            Resolves a filter override for the specified metadata for each controller request.
            </summary>
        </member>
        <member name="M:Autofac.Integration.WebApi.ContinuationActionFilterOverrideWrapper.#ctor(System.Collections.Generic.HashSet{Autofac.Integration.WebApi.FilterMetadata})">
            <summary>
            Initializes a new instance of the <see cref="T:Autofac.Integration.WebApi.ContinuationActionFilterOverrideWrapper"/> class.
            </summary>
            <param name="filterMetadata">The filter metadata.</param>
        </member>
        <member name="P:Autofac.Integration.WebApi.ContinuationActionFilterOverrideWrapper.FiltersToOverride">
            <summary>
            Gets the filters to override.
            </summary>
        </member>
        <member name="T:Autofac.Integration.WebApi.ContinuationActionFilterWrapper">
            <summary>
            Resolves a filter for the specified metadata for each controller request.
            </summary>
        </member>
        <member name="M:Autofac.Integration.WebApi.ContinuationActionFilterWrapper.#ctor(System.Collections.Generic.HashSet{Autofac.Integration.WebApi.FilterMetadata})">
            <summary>
            Initializes a new instance of the <see cref="T:Autofac.Integration.WebApi.ContinuationActionFilterWrapper"/> class.
            </summary>
            <param name="filterMetadata">The collection of filter metadata blocks that this wrapper should run.</param>
        </member>
        <member name="T:Autofac.Integration.WebApi.AuthorizationFilterWrapper">
            <summary>
            Resolves a filter for the specified metadata for each controller request.
            </summary>
        </member>
        <member name="M:Autofac.Integration.WebApi.AuthorizationFilterWrapper.#ctor(System.Collections.Generic.HashSet{Autofac.Integration.WebApi.FilterMetadata})">
            <summary>
            Initializes a new instance of the <see cref="T:Autofac.Integration.WebApi.AuthorizationFilterWrapper"/> class.
            </summary>
            <param name="filterMetadata">The filter metadata.</param>
        </member>
        <member name="M:Autofac.Integration.WebApi.AuthorizationFilterWrapper.OnAuthorizationAsync(System.Web.Http.Controllers.HttpActionContext,System.Threading.CancellationToken)">
            <summary>
            Called when a process requests authorization.
            </summary>
            <param name="actionContext">The context for the action.</param>
            <param name="cancellationToken">A cancellation token for signaling task ending.</param>
            <exception cref="T:System.ArgumentNullException">
            Thrown if <paramref name="actionContext" /> is <see langword="null" />.
            </exception>
        </member>
        <member name="T:Autofac.Integration.WebApi.AutofacFilterCategory">
            <summary>
            Filter categories (used for grouping/ordering filters).
            </summary>
        </member>
        <member name="F:Autofac.Integration.WebApi.AutofacFilterCategory.AuthorizationFilter">
            <summary>
            Authorization Filters
            </summary>
        </member>
        <member name="F:Autofac.Integration.WebApi.AutofacFilterCategory.AuthorizationFilterOverride">
            <summary>
            Authorization Override Filters
            </summary>
        </member>
        <member name="F:Autofac.Integration.WebApi.AutofacFilterCategory.AuthenticationFilter">
            <summary>
            Authentication filters
            </summary>
        </member>
        <member name="F:Autofac.Integration.WebApi.AutofacFilterCategory.AuthenticationFilterOverride">
            <summary>
            Authentication Override Filters
            </summary>
        </member>
        <member name="F:Autofac.Integration.WebApi.AutofacFilterCategory.ActionFilter">
            <summary>
            Action filters
            </summary>
        </member>
        <member name="F:Autofac.Integration.WebApi.AutofacFilterCategory.ActionFilterOverride">
            <summary>
            Action Override filters
            </summary>
        </member>
        <member name="F:Autofac.Integration.WebApi.AutofacFilterCategory.ExceptionFilter">
            <summary>
            Exception filters
            </summary>
        </member>
        <member name="F:Autofac.Integration.WebApi.AutofacFilterCategory.ExceptionFilterOverride">
            <summary>
            Exception override filters
            </summary>
        </member>
        <member name="T:Autofac.Integration.WebApi.AutofacOverrideFilter">
            <summary>
            Allows other filters to be overriden at the control and action level.
            </summary>
        </member>
        <member name="T:Autofac.Integration.WebApi.AutofacWebApiDependencyResolver">
            <summary>
            Autofac implementation of the <see cref="T:System.Web.Http.Dependencies.IDependencyResolver"/> interface.
            </summary>
        </member>
        <member name="M:Autofac.Integration.WebApi.AutofacWebApiDependencyResolver.#ctor(Autofac.ILifetimeScope,System.Action{Autofac.ContainerBuilder})">
            <summary>
            Initializes a new instance of the <see cref="T:Autofac.Integration.WebApi.AutofacWebApiDependencyResolver"/> class.
            </summary>
            <param name="container">The container that nested lifetime scopes will be create from.</param>
            <param name="configurationAction">A configuration action that will execute during lifetime scope creation.</param>
        </member>
        <member name="M:Autofac.Integration.WebApi.AutofacWebApiDependencyResolver.#ctor(Autofac.ILifetimeScope)">
            <summary>
            Initializes a new instance of the <see cref="T:Autofac.Integration.WebApi.AutofacWebApiDependencyResolver"/> class.
            </summary>
            <param name="container">The container that nested lifetime scopes will be create from.</param>
        </member>
        <member name="M:Autofac.Integration.WebApi.AutofacWebApiDependencyResolver.Finalize">
            <summary>
            Finalizes an instance of the <see cref="T:Autofac.Integration.WebApi.AutofacWebApiDependencyResolver"/> class.
            </summary>
        </member>
        <member name="P:Autofac.Integration.WebApi.AutofacWebApiDependencyResolver.Container">
            <summary>
            Gets the root container provided to the dependency resolver.
            </summary>
        </member>
        <member name="M:Autofac.Integration.WebApi.AutofacWebApiDependencyResolver.GetService(System.Type)">
            <summary>
            Try to get a service of the given type.
            </summary>
            <param name="serviceType">Type of service to request.</param>
            <returns>An instance of the service, or null if the service is not found.</returns>
        </member>
        <member name="M:Autofac.Integration.WebApi.AutofacWebApiDependencyResolver.GetServices(System.Type)">
            <summary>
            Try to get a list of services of the given type.
            </summary>
            <param name="serviceType">ControllerType of services to request.</param>
            <returns>An enumeration (possibly empty) of the service.</returns>
        </member>
        <member name="M:Autofac.Integration.WebApi.AutofacWebApiDependencyResolver.BeginScope">
            <summary>
            Starts a resolution scope. Objects which are resolved in the given scope will belong to
            that scope, and when the scope is disposed, those objects are returned to the container.
            </summary>
            <returns>
            The dependency scope.
            </returns>
        </member>
        <member name="M:Autofac.Integration.WebApi.AutofacWebApiDependencyResolver.Dispose">
            <summary>
            Performs application-defined tasks associated with freeing, releasing, or resetting unmanaged resources.
            </summary>
        </member>
        <member name="M:Autofac.Integration.WebApi.AutofacWebApiDependencyResolver.Dispose(System.Boolean)">
            <summary>
            Releases unmanaged and - optionally - managed resources.
            </summary>
            <param name="disposing">
            <see langword="true" /> to release both managed and unmanaged resources;
            <see langword="false" /> to release only unmanaged resources.
            </param>
        </member>
        <member name="T:Autofac.Integration.WebApi.AutofacWebApiDependencyScope">
            <summary>
            Autofac implementation of the <see cref="T:System.Web.Http.Dependencies.IDependencyScope"/> interface.
            </summary>
        </member>
        <member name="M:Autofac.Integration.WebApi.AutofacWebApiDependencyScope.#ctor(Autofac.ILifetimeScope)">
            <summary>
            Initializes a new instance of the <see cref="T:Autofac.Integration.WebApi.AutofacWebApiDependencyScope"/> class.
            </summary>
            <param name="lifetimeScope">The lifetime scope to resolve services from.</param>
        </member>
        <member name="M:Autofac.Integration.WebApi.AutofacWebApiDependencyScope.Finalize">
            <summary>
            Finalizes an instance of the <see cref="T:Autofac.Integration.WebApi.AutofacWebApiDependencyScope"/> class.
            </summary>
        </member>
        <member name="P:Autofac.Integration.WebApi.AutofacWebApiDependencyScope.LifetimeScope">
            <summary>
            Gets the lifetime scope for the current dependency scope.
            </summary>
        </member>
        <member name="M:Autofac.Integration.WebApi.AutofacWebApiDependencyScope.GetService(System.Type)">
            <summary>
            Try to get a service of the given type.
            </summary>
            <param name="serviceType">ControllerType of service to request.</param>
            <returns>An instance of the service, or null if the service is not found.</returns>
        </member>
        <member name="M:Autofac.Integration.WebApi.AutofacWebApiDependencyScope.GetServices(System.Type)">
            <summary>
            Try to get a list of services of the given type.
            </summary>
            <param name="serviceType">ControllerType of services to request.</param>
            <returns>An enumeration (possibly empty) of the service.</returns>
        </member>
        <member name="M:Autofac.Integration.WebApi.AutofacWebApiDependencyScope.Dispose">
            <summary>
            Performs application-defined tasks associated with freeing, releasing, or resetting unmanaged resources.
            </summary>
        </member>
        <member name="M:Autofac.Integration.WebApi.AutofacWebApiDependencyScope.Dispose(System.Boolean)">
            <summary>
            Releases unmanaged and - optionally - managed resources.
            </summary>
            <param name="disposing">
            <see langword="true" /> to release both managed and unmanaged resources;
            <see langword="false" /> to release only unmanaged resources.
            </param>
        </member>
        <member name="T:Autofac.Integration.WebApi.AutofacWebApiFilterProvider">
            <summary>
            A filter provider for performing property injection on filter attributes.
            </summary>
        </member>
        <member name="M:Autofac.Integration.WebApi.AutofacWebApiFilterProvider.#ctor(Autofac.ILifetimeScope)">
            <summary>
            Initializes a new instance of the <see cref="T:Autofac.Integration.WebApi.AutofacWebApiFilterProvider"/> class.
            </summary>
            <param name="lifetimeScope">
            The lifetime scope from which dependencies should be resolved. Generally
            this is the application-level container/root scope.
            </param>
        </member>
        <member name="M:Autofac.Integration.WebApi.AutofacWebApiFilterProvider.GetFilters(System.Web.Http.HttpConfiguration,System.Web.Http.Controllers.HttpActionDescriptor)">
            <summary>
            Returns the collection of filters associated with <paramref name="actionDescriptor"/>.
            </summary>
            <param name="configuration">The configuration.</param>
            <param name="actionDescriptor">The action descriptor.</param>
            <returns>A collection of filters with instances property injected.</returns>
            <exception cref="T:System.ArgumentNullException">
            Thrown if <paramref name="configuration" /> is <see langword="null" />.
            </exception>
        </member>
        <member name="T:Autofac.Integration.WebApi.AutofacWebApiModelBinderProvider">
            <summary>
            Autofac implementation of the <see cref="T:System.Web.Http.ModelBinding.ModelBinderProvider"/> class.
            </summary>
        </member>
        <member name="F:Autofac.Integration.WebApi.AutofacWebApiModelBinderProvider.MetadataKey">
            <summary>
            Metadata key for the supported model types.
            </summary>
        </member>
        <member name="M:Autofac.Integration.WebApi.AutofacWebApiModelBinderProvider.GetBinder(System.Web.Http.HttpConfiguration,System.Type)">
            <summary>
            Find a binder for the given type.
            </summary>
            <param name="configuration">A configuration object.</param>
            <param name="modelType">The type of the model to bind against.</param>
            <returns>A binder, which can attempt to bind this type. Or null if the binder knows statically that it will never be able to bind the type.</returns>
            <exception cref="T:System.ArgumentNullException">
            Thrown if <paramref name="configuration" /> is <see langword="null" />.
            </exception>
        </member>
        <member name="T:Autofac.Integration.WebApi.ControllerTypeKey">
            <summary>
            A service key used to register services per controller type.
            </summary>
        </member>
        <member name="P:Autofac.Integration.WebApi.ControllerTypeKey.ControllerType">
            <summary>
            Gets the type of the controller.
            </summary>
        </member>
        <member name="M:Autofac.Integration.WebApi.ControllerTypeKey.#ctor(System.Type)">
            <summary>
            Initializes a new instance of the <see cref="T:Autofac.Integration.WebApi.ControllerTypeKey"/> class.
            </summary>
            <param name="controllerType">Type of the controller.</param>
        </member>
        <member name="M:Autofac.Integration.WebApi.ControllerTypeKey.Equals(Autofac.Integration.WebApi.ControllerTypeKey)">
            <summary>
            Determines whether the specified <see cref="T:System.Object" /> is equal to the current <see cref="T:System.Object" />.
            </summary>
            <param name="other">The key to which the current key is being compared.</param>
            <returns>
            true if the specified <see cref="T:System.Object" /> is equal to the current <see cref="T:System.Object" />; otherwise, false.
            </returns>
        </member>
        <member name="M:Autofac.Integration.WebApi.ControllerTypeKey.Equals(System.Object)">
            <summary>
            Determines whether the specified <see cref="T:System.Object"/> is equal to the current <see cref="T:System.Object"/>.
            </summary>
            <param name="obj">The <see cref="T:System.Object"/> to compare with the current <see cref="T:System.Object"/>.</param>
            <returns>
            true if the specified <see cref="T:System.Object"/> is equal to the current <see cref="T:System.Object"/>; otherwise, false.
            </returns>
            <exception cref="T:System.NullReferenceException">The <paramref name="obj"/> parameter is null.</exception>
        </member>
        <member name="M:Autofac.Integration.WebApi.ControllerTypeKey.GetHashCode">
            <summary>
            Serves as a hash function for a particular type.
            </summary>
            <returns>
            A hash code for the current <see cref="T:System.Object"/>.
            </returns>
        </member>
        <member name="T:Autofac.Integration.WebApi.AuthenticationFilterWrapper">
            <summary>
            Resolves a filter for the specified metadata for each controller request.
            </summary>
        </member>
        <member name="M:Autofac.Integration.WebApi.AuthenticationFilterWrapper.#ctor(System.Collections.Generic.HashSet{Autofac.Integration.WebApi.FilterMetadata})">
            <summary>
            Initializes a new instance of the <see cref="T:Autofac.Integration.WebApi.AuthenticationFilterWrapper"/> class.
            </summary>
            <param name="filterMetadata">The filter metadata.</param>
        </member>
        <member name="T:Autofac.Integration.WebApi.AuthenticationFilterOverrideWrapper">
            <summary>
            Resolves a filter override for the specified metadata for each controller request.
            </summary>
        </member>
        <member name="M:Autofac.Integration.WebApi.AuthenticationFilterOverrideWrapper.#ctor(System.Collections.Generic.HashSet{Autofac.Integration.WebApi.FilterMetadata})">
            <summary>
            Initializes a new instance of the <see cref="T:Autofac.Integration.WebApi.AuthenticationFilterOverrideWrapper"/> class.
            </summary>
            <param name="filterMetadata">The filter metadata.</param>
        </member>
        <member name="P:Autofac.Integration.WebApi.AuthenticationFilterOverrideWrapper.FiltersToOverride">
            <summary>
            Gets the filters to override.
            </summary>
        </member>
        <member name="T:Autofac.Integration.WebApi.AuthorizationFilterOverrideWrapper">
            <summary>
            Resolves a filter override for the specified metadata for each controller request.
            </summary>
        </member>
        <member name="M:Autofac.Integration.WebApi.AuthorizationFilterOverrideWrapper.#ctor(System.Collections.Generic.HashSet{Autofac.Integration.WebApi.FilterMetadata})">
            <summary>
            Initializes a new instance of the <see cref="T:Autofac.Integration.WebApi.AuthorizationFilterOverrideWrapper"/> class.
            </summary>
            <param name="filterMetadata">The filter metadata.</param>
        </member>
        <member name="P:Autofac.Integration.WebApi.AuthorizationFilterOverrideWrapper.FiltersToOverride">
            <summary>
            Gets the filters to override.
            </summary>
        </member>
        <member name="T:Autofac.Integration.WebApi.ExceptionFilterOverrideWrapper">
            <summary>
            Resolves a filter override for the specified metadata for each controller request.
            </summary>
        </member>
        <member name="M:Autofac.Integration.WebApi.ExceptionFilterOverrideWrapper.#ctor(System.Collections.Generic.HashSet{Autofac.Integration.WebApi.FilterMetadata})">
            <summary>
            Initializes a new instance of the <see cref="T:Autofac.Integration.WebApi.ExceptionFilterOverrideWrapper"/> class.
            </summary>
            <param name="filterMetadata">The filter metadata.</param>
        </member>
        <member name="P:Autofac.Integration.WebApi.ExceptionFilterOverrideWrapper.FiltersToOverride">
            <summary>
            Gets the filters to override.
            </summary>
        </member>
        <member name="T:Autofac.Integration.WebApi.FilterPredicateMetadata">
            <summary>
            Metadata block for an individual filter predicate.
            </summary>
        </member>
        <member name="P:Autofac.Integration.WebApi.FilterPredicateMetadata.Predicate">
            <summary>
            Gets or sets the callback that determines if a filter matches the action descriptor.
            Returns true/false to include the filter or not.
            </summary>
        </member>
        <member name="P:Autofac.Integration.WebApi.FilterPredicateMetadata.Scope">
            <summary>
            Gets or sets the scope of the filter.
            </summary>
            <remarks>
            We need the scope of this filter registration so we can create the FilterInfo later.
            </remarks>
        </member>
        <member name="P:Autofac.Integration.WebApi.FilterPredicateMetadata.FilterCategory">
            <summary>
            Gets or sets the filter category, used to group filters and control execution order.
            </summary>
        </member>
        <member name="T:Autofac.Integration.WebApi.HttpConfigurationExtensions">
            <summary>
            Extension methods for <see cref="T:System.Web.Http.HttpConfiguration"/> to enable Web API and Autofac integration.
            </summary>
        </member>
        <member name="M:Autofac.Integration.WebApi.HttpConfigurationExtensions.RegisterHttpRequestMessage(System.Web.Http.HttpConfiguration)">
            <summary>
            Makes the current <see cref="T:System.Net.Http.HttpRequestMessage"/> resolvable through the dependency scope.
            </summary>
            <param name="config">The HTTP server configuration.</param>
            <exception cref="T:System.ArgumentNullException">
            Thrown if <paramref name="config" /> is <see langword="null" />.
            </exception>
        </member>
        <member name="T:Autofac.Integration.WebApi.IAutofacContinuationActionFilter">
            <summary>
            An action filter that will be created for each controller request, and
            executes using continuations, so the async context is preserved.
            </summary>
        </member>
        <member name="M:Autofac.Integration.WebApi.IAutofacContinuationActionFilter.ExecuteActionFilterAsync(System.Web.Http.Controllers.HttpActionContext,System.Threading.CancellationToken,System.Func{System.Threading.Tasks.Task{System.Net.Http.HttpResponseMessage}})">
            <summary>
            The method called when the filter executes. The filter should call 'next' to
            continue processing the request.
            </summary>
            <param name="actionContext">The context of the current action.</param>
            <param name="cancellationToken">A cancellation token for the request.</param>
            <param name="next">The function to call that invokes the next filter in the chain.</param>
        </member>
        <member name="T:Autofac.Integration.WebApi.IAutofacAuthenticationFilter">
            <summary>
            An authentication filter that will be created for each controller request.
            </summary>
        </member>
        <member name="M:Autofac.Integration.WebApi.IAutofacAuthenticationFilter.AuthenticateAsync(System.Web.Http.Filters.HttpAuthenticationContext,System.Threading.CancellationToken)">
            <summary>
            Called when a request requires authentication.
            </summary>
            <param name="context">The context for the authentication.</param>
            <param name="cancellationToken">A cancellation token for signaling task ending.</param>
        </member>
        <member name="M:Autofac.Integration.WebApi.IAutofacAuthenticationFilter.ChallengeAsync(System.Web.Http.Filters.HttpAuthenticationChallengeContext,System.Threading.CancellationToken)">
            <summary>
            Called when an authentication challenge is required.
            </summary>
            <param name="context">The context for the authentication challenge.</param>
            <param name="cancellationToken">A cancellation token for signaling task ending.</param>
        </member>
        <member name="T:Autofac.Integration.WebApi.CurrentRequestHandler">
            <summary>
            A delegating handler that updates the current dependency scope
            with the current <see cref="T:System.Net.Http.HttpRequestMessage"/>.
            </summary>
        </member>
        <member name="M:Autofac.Integration.WebApi.CurrentRequestHandler.SendAsync(System.Net.Http.HttpRequestMessage,System.Threading.CancellationToken)">
            <summary>
            Sends an HTTP request to the inner handler to send to the server as an asynchronous operation.
            </summary>
            <param name="request">The HTTP request message to send to the server.</param>
            <param name="cancellationToken">A cancellation token to cancel operation.</param>
            <returns>
            Returns <see cref="T:System.Threading.Tasks.Task`1" />. The task object representing the asynchronous operation.
            </returns>
        </member>
        <member name="M:Autofac.Integration.WebApi.CurrentRequestHandler.UpdateScopeWithHttpRequestMessage(System.Net.Http.HttpRequestMessage)">
            <summary>
            Updates the current dependency scope with current HTTP request message.
            </summary>
            <param name="request">The HTTP request message.</param>
        </member>
        <member name="T:Autofac.Integration.WebApi.DependencyResolverExtensions">
            <summary>
            Extension methods to the <see cref="T:System.Web.Http.Dependencies.IDependencyResolver"/> interface.
            </summary>
        </member>
        <member name="M:Autofac.Integration.WebApi.DependencyResolverExtensions.GetRootLifetimeScope(System.Web.Http.Dependencies.IDependencyResolver)">
            <summary>
            Gets the root lifetime scope from the Autofac dependency resolver.
            </summary>
            <param name="dependencyResolver">
            The dependency resolver from which the root lifetime scope should be retrieved.
            </param>
        </member>
        <member name="M:Autofac.Integration.WebApi.DependencyResolverExtensions.GetRequestLifetimeScope(System.Web.Http.Dependencies.IDependencyScope)">
            <summary>
            Gets the request lifetime scope from the Autofac dependency scope.
            </summary>
            <param name="dependencyScope">
            The dependency scope from which the request lifetime scope should be retrieved.
            </param>
        </member>
        <member name="T:Autofac.Integration.WebApi.ExceptionFilterWrapper">
            <summary>
            Resolves a filter for the specified metadata for each controller request.
            </summary>
        </member>
        <member name="M:Autofac.Integration.WebApi.ExceptionFilterWrapper.#ctor(System.Collections.Generic.HashSet{Autofac.Integration.WebApi.FilterMetadata})">
            <summary>
            Initializes a new instance of the <see cref="T:Autofac.Integration.WebApi.ExceptionFilterWrapper"/> class.
            </summary>
            <param name="filterMetadata">The filter metadata.</param>
        </member>
        <member name="M:Autofac.Integration.WebApi.ExceptionFilterWrapper.OnExceptionAsync(System.Web.Http.Filters.HttpActionExecutedContext,System.Threading.CancellationToken)">
            <summary>
            Called when an exception is thrown.
            </summary>
            <param name="actionExecutedContext">The context for the action.</param>
            <param name="cancellationToken">A cancellation token for signaling task ending.</param>
            <exception cref="T:System.ArgumentNullException">
            Thrown if <paramref name="actionExecutedContext" /> is <see langword="null" />.
            </exception>
        </member>
        <member name="T:Autofac.Integration.WebApi.IAutofacActionFilter">
            <summary>
            An action filter that will be created for each controller request.
            </summary>
        </member>
        <member name="M:Autofac.Integration.WebApi.IAutofacActionFilter.OnActionExecutedAsync(System.Web.Http.Filters.HttpActionExecutedContext,System.Threading.CancellationToken)">
            <summary>
            Occurs after the action method is invoked.
            </summary>
            <param name="actionExecutedContext">The context for the action.</param>
            <param name="cancellationToken">A cancellation token for signaling task ending.</param>
        </member>
        <member name="M:Autofac.Integration.WebApi.IAutofacActionFilter.OnActionExecutingAsync(System.Web.Http.Controllers.HttpActionContext,System.Threading.CancellationToken)">
            <summary>
            Occurs before the action method is invoked.
            </summary>
            <param name="actionContext">The context for the action.</param>
            <param name="cancellationToken">A cancellation token for signaling task ending.</param>
        </member>
        <member name="T:Autofac.Integration.WebApi.IAutofacAuthorizationFilter">
            <summary>
            An authorization filter that will be created for each controller request.
            </summary>
        </member>
        <member name="M:Autofac.Integration.WebApi.IAutofacAuthorizationFilter.OnAuthorizationAsync(System.Web.Http.Controllers.HttpActionContext,System.Threading.CancellationToken)">
            <summary>
            Called when a process requests authorization.
            </summary>
            <param name="actionContext">The context for the action.</param>
            <param name="cancellationToken">A cancellation token for signaling task ending.</param>
        </member>
        <member name="T:Autofac.Integration.WebApi.IAutofacExceptionFilter">
            <summary>
            An exception filter that will be created for each controller request.
            </summary>
        </member>
        <member name="M:Autofac.Integration.WebApi.IAutofacExceptionFilter.OnExceptionAsync(System.Web.Http.Filters.HttpActionExecutedContext,System.Threading.CancellationToken)">
            <summary>
            Called when an exception is thrown.
            </summary>
            <param name="actionExecutedContext">The context for the action.</param>
            <param name="cancellationToken">A cancellation token for signaling task ending.</param>
        </member>
        <member name="T:Autofac.Integration.WebApi.FilterMetadata">
            <summary>
            Metadata interface for filter registrations.
            </summary>
        </member>
        <member name="P:Autofac.Integration.WebApi.FilterMetadata.Id">
            <summary>
            Gets a unique ID for this filter registration.
            </summary>
        </member>
        <member name="P:Autofac.Integration.WebApi.FilterMetadata.PredicateSet">
            <summary>
            Gets the registered set of predicates for this filter.
            </summary>
        </member>
        <member name="T:Autofac.Integration.WebApi.AutofacControllerConfigurationAttribute">
            <summary>
            Configures the controller descriptor with per-controller services from the container.
            </summary>
        </member>
        <member name="M:Autofac.Integration.WebApi.AutofacControllerConfigurationAttribute.Initialize(System.Web.Http.Controllers.HttpControllerSettings,System.Web.Http.Controllers.HttpControllerDescriptor)">
            <summary>
            Callback invoked to set per-controller overrides for this controllerDescriptor.
            </summary>
            <param name="controllerSettings">The controller settings to initialize.</param>
            <param name="controllerDescriptor">The controller descriptor. Note that the
            <see cref="T:System.Web.Http.Controllers.HttpControllerDescriptor"/> can be
            associated with the derived controller type given that <see cref="T:System.Web.Http.Controllers.IControllerConfiguration"/>
            is inherited.</param>
            <exception cref="T:System.ArgumentNullException">
            Thrown if <paramref name="controllerSettings" /> or <paramref name="controllerDescriptor" /> is <see langword="null" />.
            </exception>
        </member>
        <member name="T:Autofac.Integration.WebApi.AutofacControllerConfigurationAttributeResources">
            <summary>
              A strongly-typed resource class, for looking up localized strings, etc.
            </summary>
        </member>
        <member name="P:Autofac.Integration.WebApi.AutofacControllerConfigurationAttributeResources.ResourceManager">
            <summary>
              Returns the cached ResourceManager instance used by this class.
            </summary>
        </member>
        <member name="P:Autofac.Integration.WebApi.AutofacControllerConfigurationAttributeResources.Culture">
            <summary>
              Overrides the current thread's CurrentUICulture property for all
              resource lookups using this strongly typed resource class.
            </summary>
        </member>
        <member name="P:Autofac.Integration.WebApi.AutofacControllerConfigurationAttributeResources.DependencyResolverMissing">
            <summary>
              Looks up a localized string similar to The &apos;{0}&apos; must be configured as the dependency resolver for Web API before the &apos;{1}&apos; can resolve services from the container for a controller type..
            </summary>
        </member>
        <member name="T:Autofac.Integration.WebApi.RegistrationExtensions">
            <summary>
            Adds registration syntax to the <see cref="T:Autofac.ContainerBuilder"/> type.
            </summary>
        </member>
        <member name="M:Autofac.Integration.WebApi.RegistrationExtensions.RegisterApiControllers(Autofac.ContainerBuilder,System.Reflection.Assembly[])">
            <summary>
            Register types in the provided assemblies that implement <see cref="T:System.Web.Http.Controllers.IHttpController"/> and
            match the default type name suffix of "Controller".
            </summary>
            <param name="builder">The container builder.</param>
            <param name="controllerAssemblies">Assemblies to scan for controllers.</param>
            <returns>Registration builder allowing the controller components to be customised.</returns>
        </member>
        <member name="M:Autofac.Integration.WebApi.RegistrationExtensions.RegisterApiControllers(Autofac.ContainerBuilder,System.String,System.Reflection.Assembly[])">
            <summary>
            Register types in the provided assemblies that implement <see cref="T:System.Web.Http.Controllers.IHttpController"/> and
            match the provided type name suffix.
            </summary>
            <param name="builder">The container builder.</param>
            <param name="controllerSuffix">The type name suffix of the controllers.</param>
            <param name="controllerAssemblies">Assemblies to scan for controllers.</param>
            <returns>Registration builder allowing the controller components to be customised.</returns>
        </member>
        <member name="M:Autofac.Integration.WebApi.RegistrationExtensions.InstancePerApiRequest``3(Autofac.Builder.IRegistrationBuilder{``0,``1,``2},System.Object[])">
            <summary>
            Share one instance of the component within the context of a
            single <see cref="T:System.Web.Http.ApiController"/> request.
            </summary>
            <typeparam name="TLimit">Registration limit type.</typeparam>
            <typeparam name="TActivatorData">Activator data type.</typeparam>
            <typeparam name="TStyle">Registration style.</typeparam>
            <param name="registration">The registration to configure.</param>
            <param name="lifetimeScopeTags">Additional tags applied for matching lifetime scopes.</param>
            <returns>A registration builder allowing further configuration of the component.</returns>
            <exception cref="T:System.ArgumentNullException">
            Thrown if <paramref name="registration" /> is <see langword="null" />.
            </exception>
        </member>
        <member name="M:Autofac.Integration.WebApi.RegistrationExtensions.InstancePerApiControllerType``3(Autofac.Builder.IRegistrationBuilder{``0,``1,``2},System.Type)">
            <summary>
            Share one instance of the component within the context of a controller type.
            </summary>
            <typeparam name="TLimit">Registration limit type.</typeparam>
            <typeparam name="TActivatorData">Activator data type.</typeparam>
            <typeparam name="TStyle">Registration style.</typeparam>
            <param name="registration">The registration to configure.</param>
            <param name="controllerType">The controller type.</param>
            <returns>A registration builder allowing further configuration of the component.</returns>
        </member>
        <member name="M:Autofac.Integration.WebApi.RegistrationExtensions.InstancePerApiControllerType``3(Autofac.Builder.IRegistrationBuilder{``0,``1,``2},System.Type,System.Boolean)">
            <summary>
            Share one instance of the component within the context of a controller type.
            </summary>
            <typeparam name="TLimit">Registration limit type.</typeparam>
            <typeparam name="TActivatorData">Activator data type.</typeparam>
            <typeparam name="TStyle">Registration style.</typeparam>
            <param name="registration">The registration to configure.</param>
            <param name="controllerType">The controller type.</param>
            <param name="clearExistingServices">Clear the existing list of controller level services before adding.</param>
            <returns>A registration builder allowing further configuration of the component.</returns>
        </member>
        <member name="M:Autofac.Integration.WebApi.RegistrationExtensions.RegisterHttpRequestMessage(Autofac.ContainerBuilder,System.Web.Http.HttpConfiguration)">
            <summary>
            Makes the current <see cref="T:System.Net.Http.HttpRequestMessage"/> resolvable through the dependency scope.
            </summary>
            <param name="builder">The container builder.</param>
            <param name="config">The HTTP server configuration.</param>
        </member>
        <member name="M:Autofac.Integration.WebApi.RegistrationExtensions.RegisterWebApiModelBinderProvider(Autofac.ContainerBuilder)">
            <summary>
            Registers the <see cref="T:Autofac.Integration.WebApi.AutofacWebApiModelBinderProvider"/>.
            </summary>
            <param name="builder">The container builder.</param>
        </member>
        <member name="M:Autofac.Integration.WebApi.RegistrationExtensions.RegisterWebApiModelBinders(Autofac.ContainerBuilder,System.Reflection.Assembly[])">
            <summary>
            Register types that implement <see cref="T:System.Web.Http.ModelBinding.IModelBinder"/> in the provided assemblies.
            </summary>
            <param name="builder">The container builder.</param>
            <param name="modelBinderAssemblies">Assemblies to scan for model binders.</param>
            <returns>A registration builder allowing further configuration of the component.</returns>
            <exception cref="T:System.ArgumentNullException">
            Thrown if <paramref name="builder" /> or <paramref name="modelBinderAssemblies" /> is <see langword="null" />.
            </exception>
        </member>
        <member name="M:Autofac.Integration.WebApi.RegistrationExtensions.AsModelBinderForTypes``3(Autofac.Builder.IRegistrationBuilder{``0,``1,``2},System.Type[])">
            <summary>
            Sets a provided registration to act as an <see cref="T:System.Web.Http.ModelBinding.IModelBinder"/> for the specified list of types.
            </summary>
            <param name="registration">The registration for the type or object instance that will act as the model binder.</param>
            <param name="types">The list of model <see cref="T:System.Type"/> for which the <paramref name="registration" /> should be a model binder.</param>
            <typeparam name="TLimit">Registration limit type.</typeparam>
            <typeparam name="TActivatorData">Activator data type.</typeparam>
            <typeparam name="TRegistrationStyle">Registration style.</typeparam>
            <returns>An Autofac registration that can be modified as needed.</returns>
            <exception cref="T:System.ArgumentNullException">
            Thrown if <paramref name="registration" /> or <paramref name="types" /> is <see langword="null" />.
            </exception>
            <exception cref="T:System.ArgumentException">
            Thrown if <paramref name="types" /> is empty or contains all <see langword="null" /> values.
            </exception>
        </member>
        <member name="M:Autofac.Integration.WebApi.RegistrationExtensions.RegisterWebApiFilterProvider(Autofac.ContainerBuilder,System.Web.Http.HttpConfiguration)">
            <summary>
            Registers the <see cref="T:Autofac.Integration.WebApi.AutofacWebApiFilterProvider"/>.
            </summary>
            <param name="configuration">Configuration of HttpServer instances.</param>
            <param name="builder">The container builder.</param>
            <exception cref="T:System.ArgumentNullException">
            Thrown if <paramref name="builder" /> or <paramref name="configuration" /> is <see langword="null" />.
            </exception>
        </member>
        <member name="M:Autofac.Integration.WebApi.RegistrationExtensions.AsWebApiActionFilterFor``1(Autofac.Builder.IRegistrationBuilder{System.Object,Autofac.Builder.IConcreteActivatorData,Autofac.Builder.SingleRegistrationStyle},System.Linq.Expressions.Expression{System.Action{``0}})">
            <summary>
            Sets the provided registration to act as an <see cref="T:Autofac.Integration.WebApi.IAutofacActionFilter"/> or <see cref="T:Autofac.Integration.WebApi.IAutofacContinuationActionFilter"/> for the specified controller action.
            </summary>
            <typeparam name="TController">The type of the controller.</typeparam>
            <param name="registration">The registration.</param>
            <param name="actionSelector">The action selector.</param>
            <returns>A registration builder allowing further configuration of the component.</returns>
        </member>
        <member name="M:Autofac.Integration.WebApi.RegistrationExtensions.AsWebApiActionFilterFor``1(Autofac.Builder.IRegistrationBuilder{System.Object,Autofac.Builder.IConcreteActivatorData,Autofac.Builder.SingleRegistrationStyle},System.Linq.Expressions.Expression{System.Func{``0,System.Threading.Tasks.Task}})">
            <summary>
            Sets the provided registration to act as an <see cref="T:Autofac.Integration.WebApi.IAutofacActionFilter"/> or <see cref="T:Autofac.Integration.WebApi.IAutofacContinuationActionFilter"/> for the specified controller action.
            </summary>
            <typeparam name="TController">The type of the controller.</typeparam>
            <param name="registration">The registration.</param>
            <param name="actionSelector">The action selector.</param>
            <returns>A registration builder allowing further configuration of the component.</returns>
        </member>
        <member name="M:Autofac.Integration.WebApi.RegistrationExtensions.AsWebApiActionFilterFor``1(Autofac.Builder.IRegistrationBuilder{System.Object,Autofac.Builder.IConcreteActivatorData,Autofac.Builder.SingleRegistrationStyle})">
            <summary>
            Sets the provided registration to act as an <see cref="T:Autofac.Integration.WebApi.IAutofacActionFilter"/> or <see cref="T:Autofac.Integration.WebApi.IAutofacContinuationActionFilter"/> for the specified controller.
            </summary>
            <typeparam name="TController">The type of the controller.</typeparam>
            <param name="registration">The registration.</param>
            <returns>A registration builder allowing further configuration of the component.</returns>
        </member>
        <member name="M:Autofac.Integration.WebApi.RegistrationExtensions.AsWebApiActionFilterForAllControllers(Autofac.Builder.IRegistrationBuilder{System.Object,Autofac.Builder.IConcreteActivatorData,Autofac.Builder.SingleRegistrationStyle})">
            <summary>
            Sets the provided registration to act as an <see cref="T:Autofac.Integration.WebApi.IAutofacActionFilter"/> or <see cref="T:Autofac.Integration.WebApi.IAutofacContinuationActionFilter"/> for all controllers.
            </summary>
            <param name="registration">The registration.</param>
            <returns>A registration builder allowing further configuration of the component.</returns>
        </member>
        <member name="M:Autofac.Integration.WebApi.RegistrationExtensions.AsWebApiActionFilterWhere(Autofac.Builder.IRegistrationBuilder{System.Object,Autofac.Builder.IConcreteActivatorData,Autofac.Builder.SingleRegistrationStyle},System.Func{System.Web.Http.Controllers.HttpActionDescriptor,System.Boolean},System.Web.Http.Filters.FilterScope)">
            <summary>
            Sets the provided registration to act as an <see cref="T:Autofac.Integration.WebApi.IAutofacActionFilter"/> or <see cref="T:Autofac.Integration.WebApi.IAutofacContinuationActionFilter"/>, based on a predicate that filters which actions it is applied to.
            </summary>
            <param name="registration">The registration.</param>
            <param name="predicate">A predicate that should return true if this filter should be applied to the specified action.</param>
            <param name="filterScope">The scope to apply the filter at (only Controller and Action supported).</param>
            <returns>A registration builder allowing further configuration of the component.</returns>
        </member>
        <member name="M:Autofac.Integration.WebApi.RegistrationExtensions.AsWebApiActionFilterWhere(Autofac.Builder.IRegistrationBuilder{System.Object,Autofac.Builder.IConcreteActivatorData,Autofac.Builder.SingleRegistrationStyle},System.Func{Autofac.ILifetimeScope,System.Web.Http.Controllers.HttpActionDescriptor,System.Boolean},System.Web.Http.Filters.FilterScope)">
            <summary>
            Sets the provided registration to act as an <see cref="T:Autofac.Integration.WebApi.IAutofacActionFilter"/> or <see cref="T:Autofac.Integration.WebApi.IAutofacContinuationActionFilter"/>, based on a predicate that filters which actions it is applied to.
            </summary>
            <param name="registration">The registration.</param>
            <param name="predicate">A predicate that should return true if this filter should be applied to the specified action.</param>
            <param name="filterScope">The scope to apply the filter at (only Controller and Action supported).</param>
            <returns>A registration builder allowing further configuration of the component.</returns>
        </member>
        <member name="M:Autofac.Integration.WebApi.RegistrationExtensions.AsWebApiActionFilterOverrideFor``1(Autofac.Builder.IRegistrationBuilder{System.Object,Autofac.Builder.IConcreteActivatorData,Autofac.Builder.SingleRegistrationStyle},System.Linq.Expressions.Expression{System.Action{``0}})">
            <summary>
            Sets the provided registration to act as an <see cref="T:Autofac.Integration.WebApi.IAutofacActionFilter"/> or <see cref="T:Autofac.Integration.WebApi.IAutofacContinuationActionFilter"/> override for the specified controller action.
            </summary>
            <typeparam name="TController">The type of the controller.</typeparam>
            <param name="registration">The registration.</param>
            <param name="actionSelector">The action selector.</param>
            <returns>A registration builder allowing further configuration of the component.</returns>
        </member>
        <member name="M:Autofac.Integration.WebApi.RegistrationExtensions.AsWebApiActionFilterOverrideFor``1(Autofac.Builder.IRegistrationBuilder{System.Object,Autofac.Builder.IConcreteActivatorData,Autofac.Builder.SingleRegistrationStyle})">
            <summary>
            Sets the provided registration to act as an <see cref="T:Autofac.Integration.WebApi.IAutofacActionFilter"/> or <see cref="T:Autofac.Integration.WebApi.IAutofacContinuationActionFilter"/> override for the specified controller.
            </summary>
            <typeparam name="TController">The type of the controller.</typeparam>
            <param name="registration">The registration.</param>
            <returns>A registration builder allowing further configuration of the component.</returns>
        </member>
        <member name="M:Autofac.Integration.WebApi.RegistrationExtensions.AsWebApiActionFilterOverrideForAllControllers(Autofac.Builder.IRegistrationBuilder{System.Object,Autofac.Builder.IConcreteActivatorData,Autofac.Builder.SingleRegistrationStyle})">
            <summary>
            Sets the provided registration to act as an <see cref="T:Autofac.Integration.WebApi.IAutofacActionFilter"/> or <see cref="T:Autofac.Integration.WebApi.IAutofacContinuationActionFilter"/> override for all controllers.
            </summary>
            <param name="registration">The registration.</param>
            <returns>A registration builder allowing further configuration of the component.</returns>
        </member>
        <member name="M:Autofac.Integration.WebApi.RegistrationExtensions.AsWebApiActionFilterOverrideWhere(Autofac.Builder.IRegistrationBuilder{System.Object,Autofac.Builder.IConcreteActivatorData,Autofac.Builder.SingleRegistrationStyle},System.Func{System.Web.Http.Controllers.HttpActionDescriptor,System.Boolean},System.Web.Http.Filters.FilterScope)">
            <summary>
            Sets the provided registration to act as an <see cref="T:Autofac.Integration.WebApi.IAutofacActionFilter"/> or <see cref="T:Autofac.Integration.WebApi.IAutofacContinuationActionFilter"/> override, based on a predicate that filters which actions it is applied to.
            </summary>
            <param name="registration">The registration.</param>
            <param name="predicate">A predicate that should return true if this filter should be applied to the specified action.</param>
            <param name="filterScope">The scope to apply the filter at (only Controller and Action supported).</param>
            <returns>A registration builder allowing further configuration of the component.</returns>
        </member>
        <member name="M:Autofac.Integration.WebApi.RegistrationExtensions.AsWebApiActionFilterOverrideWhere(Autofac.Builder.IRegistrationBuilder{System.Object,Autofac.Builder.IConcreteActivatorData,Autofac.Builder.SingleRegistrationStyle},System.Func{Autofac.ILifetimeScope,System.Web.Http.Controllers.HttpActionDescriptor,System.Boolean},System.Web.Http.Filters.FilterScope)">
            <summary>
            Sets the provided registration to act as an <see cref="T:Autofac.Integration.WebApi.IAutofacActionFilter"/> or <see cref="T:Autofac.Integration.WebApi.IAutofacContinuationActionFilter"/> override, based on a predicate that filters which actions it is applied to.
            </summary>
            <param name="registration">The registration.</param>
            <param name="predicate">A predicate that should return true if this filter should be applied to the specified action.</param>
            <param name="filterScope">The scope to apply the filter at (only Controller and Action supported).</param>
            <returns>A registration builder allowing further configuration of the component.</returns>
        </member>
        <member name="M:Autofac.Integration.WebApi.RegistrationExtensions.AsWebApiAuthorizationFilterFor``1(Autofac.Builder.IRegistrationBuilder{System.Object,Autofac.Builder.IConcreteActivatorData,Autofac.Builder.SingleRegistrationStyle},System.Linq.Expressions.Expression{System.Action{``0}})">
            <summary>
            Sets the provided registration to act as an <see cref="T:Autofac.Integration.WebApi.IAutofacAuthorizationFilter"/> for the specified controller action.
            </summary>
            <typeparam name="TController">The type of the controller.</typeparam>
            <param name="registration">The registration.</param>
            <param name="actionSelector">The action selector.</param>
            <returns>A registration builder allowing further configuration of the component.</returns>
        </member>
        <member name="M:Autofac.Integration.WebApi.RegistrationExtensions.AsWebApiAuthorizationFilterFor``1(Autofac.Builder.IRegistrationBuilder{System.Object,Autofac.Builder.IConcreteActivatorData,Autofac.Builder.SingleRegistrationStyle},System.Linq.Expressions.Expression{System.Func{``0,System.Threading.Tasks.Task}})">
            <summary>
            Sets the provided registration to act as an <see cref="T:Autofac.Integration.WebApi.IAutofacAuthorizationFilter"/> for the specified controller action.
            </summary>
            <typeparam name="TController">The type of the controller.</typeparam>
            <param name="registration">The registration.</param>
            <param name="actionSelector">The action selector.</param>
            <returns>A registration builder allowing further configuration of the component.</returns>
        </member>
        <member name="M:Autofac.Integration.WebApi.RegistrationExtensions.AsWebApiAuthorizationFilterFor``1(Autofac.Builder.IRegistrationBuilder{System.Object,Autofac.Builder.IConcreteActivatorData,Autofac.Builder.SingleRegistrationStyle})">
            <summary>
            Sets the provided registration to act as an <see cref="T:Autofac.Integration.WebApi.IAutofacAuthorizationFilter"/> for the specified controller.
            </summary>
            <typeparam name="TController">The type of the controller.</typeparam>
            <param name="registration">The registration.</param>
            <returns>A registration builder allowing further configuration of the component.</returns>
        </member>
        <member name="M:Autofac.Integration.WebApi.RegistrationExtensions.AsWebApiAuthorizationFilterForAllControllers(Autofac.Builder.IRegistrationBuilder{System.Object,Autofac.Builder.IConcreteActivatorData,Autofac.Builder.SingleRegistrationStyle})">
            <summary>
            Sets the provided registration to act as an <see cref="T:Autofac.Integration.WebApi.IAutofacAuthorizationFilter"/> for all controllers.
            </summary>
            <param name="registration">The registration.</param>
            <returns>A registration builder allowing further configuration of the component.</returns>
        </member>
        <member name="M:Autofac.Integration.WebApi.RegistrationExtensions.AsWebApiAuthorizationFilterWhere(Autofac.Builder.IRegistrationBuilder{System.Object,Autofac.Builder.IConcreteActivatorData,Autofac.Builder.SingleRegistrationStyle},System.Func{System.Web.Http.Controllers.HttpActionDescriptor,System.Boolean},System.Web.Http.Filters.FilterScope)">
            <summary>
            Sets the provided registration to act as an <see cref="T:Autofac.Integration.WebApi.IAutofacAuthorizationFilter"/>, based on a predicate that filters which actions it is applied to.
            </summary>
            <param name="registration">The registration.</param>
            <param name="predicate">A predicate that should return true if this filter should be applied to the specified action.</param>
            <param name="filterScope">The scope to apply the filter at (only Controller and Action supported).</param>
            <returns>A registration builder allowing further configuration of the component.</returns>
        </member>
        <member name="M:Autofac.Integration.WebApi.RegistrationExtensions.AsWebApiAuthorizationFilterWhere(Autofac.Builder.IRegistrationBuilder{System.Object,Autofac.Builder.IConcreteActivatorData,Autofac.Builder.SingleRegistrationStyle},System.Func{Autofac.ILifetimeScope,System.Web.Http.Controllers.HttpActionDescriptor,System.Boolean},System.Web.Http.Filters.FilterScope)">
            <summary>
            Sets the provided registration to act as an <see cref="T:Autofac.Integration.WebApi.IAutofacAuthorizationFilter"/>, based on a predicate that filters which actions it is applied to.
            </summary>
            <param name="registration">The registration.</param>
            <param name="predicate">A predicate that should return true if this filter should be applied to the specified action.</param>
            <param name="filterScope">The scope to apply the filter at (only Controller and Action supported).</param>
            <returns>A registration builder allowing further configuration of the component.</returns>
        </member>
        <member name="M:Autofac.Integration.WebApi.RegistrationExtensions.AsWebApiAuthorizationFilterOverrideFor``1(Autofac.Builder.IRegistrationBuilder{System.Object,Autofac.Builder.IConcreteActivatorData,Autofac.Builder.SingleRegistrationStyle},System.Linq.Expressions.Expression{System.Action{``0}})">
            <summary>
            Sets the provided registration to act as an <see cref="T:Autofac.Integration.WebApi.IAutofacAuthorizationFilter"/> override for the specified controller action.
            </summary>
            <typeparam name="TController">The type of the controller.</typeparam>
            <param name="registration">The registration.</param>
            <param name="actionSelector">The action selector.</param>
            <returns>A registration builder allowing further configuration of the component.</returns>
        </member>
        <member name="M:Autofac.Integration.WebApi.RegistrationExtensions.AsWebApiAuthorizationFilterOverrideFor``1(Autofac.Builder.IRegistrationBuilder{System.Object,Autofac.Builder.IConcreteActivatorData,Autofac.Builder.SingleRegistrationStyle},System.Linq.Expressions.Expression{System.Func{``0,System.Threading.Tasks.Task}})">
            <summary>
            Sets the provided registration to act as an <see cref="T:Autofac.Integration.WebApi.IAutofacAuthorizationFilter"/> override for the specified controller action.
            </summary>
            <typeparam name="TController">The type of the controller.</typeparam>
            <param name="registration">The registration.</param>
            <param name="actionSelector">The action selector.</param>
            <returns>A registration builder allowing further configuration of the component.</returns>
        </member>
        <member name="M:Autofac.Integration.WebApi.RegistrationExtensions.AsWebApiAuthorizationFilterOverrideFor``1(Autofac.Builder.IRegistrationBuilder{System.Object,Autofac.Builder.IConcreteActivatorData,Autofac.Builder.SingleRegistrationStyle})">
            <summary>
            Sets the provided registration to act as an <see cref="T:Autofac.Integration.WebApi.IAutofacAuthorizationFilter"/> override for the specified controller.
            </summary>
            <typeparam name="TController">The type of the controller.</typeparam>
            <param name="registration">The registration.</param>
            <returns>A registration builder allowing further configuration of the component.</returns>
        </member>
        <member name="M:Autofac.Integration.WebApi.RegistrationExtensions.AsWebApiAuthorizationFilterOverrideForAllControllers(Autofac.Builder.IRegistrationBuilder{System.Object,Autofac.Builder.IConcreteActivatorData,Autofac.Builder.SingleRegistrationStyle})">
            <summary>
            Sets the provided registration to act as an <see cref="T:Autofac.Integration.WebApi.IAutofacAuthorizationFilter"/> override for all controllers.
            </summary>
            <param name="registration">The registration.</param>
            <returns>A registration builder allowing further configuration of the component.</returns>
        </member>
        <member name="M:Autofac.Integration.WebApi.RegistrationExtensions.AsWebApiAuthorizationFilterOverrideWhere(Autofac.Builder.IRegistrationBuilder{System.Object,Autofac.Builder.IConcreteActivatorData,Autofac.Builder.SingleRegistrationStyle},System.Func{System.Web.Http.Controllers.HttpActionDescriptor,System.Boolean},System.Web.Http.Filters.FilterScope)">
            <summary>
            Sets the provided registration to act as an <see cref="T:Autofac.Integration.WebApi.IAutofacAuthorizationFilter"/> override, based on a predicate that filters which actions it is applied to.
            </summary>
            <param name="registration">The registration.</param>
            <param name="predicate">A predicate that should return true if this filter should be applied to the specified action.</param>
            <param name="filterScope">The scope to apply the filter at (only Controller and Action supported).</param>
            <returns>A registration builder allowing further configuration of the component.</returns>
        </member>
        <member name="M:Autofac.Integration.WebApi.RegistrationExtensions.AsWebApiAuthorizationFilterOverrideWhere(Autofac.Builder.IRegistrationBuilder{System.Object,Autofac.Builder.IConcreteActivatorData,Autofac.Builder.SingleRegistrationStyle},System.Func{Autofac.ILifetimeScope,System.Web.Http.Controllers.HttpActionDescriptor,System.Boolean},System.Web.Http.Filters.FilterScope)">
            <summary>
            Sets the provided registration to act as an <see cref="T:Autofac.Integration.WebApi.IAutofacAuthorizationFilter"/> override, based on a predicate that filters which actions it is applied to.
            </summary>
            <param name="registration">The registration.</param>
            <param name="predicate">A predicate that should return true if this filter should be applied to the specified action.</param>
            <param name="filterScope">The scope to apply the filter at (only Controller and Action supported).</param>
            <returns>A registration builder allowing further configuration of the component.</returns>
        </member>
        <member name="M:Autofac.Integration.WebApi.RegistrationExtensions.AsWebApiExceptionFilterFor``1(Autofac.Builder.IRegistrationBuilder{System.Object,Autofac.Builder.IConcreteActivatorData,Autofac.Builder.SingleRegistrationStyle},System.Linq.Expressions.Expression{System.Action{``0}})">
            <summary>
            Sets the provided registration to act as an <see cref="T:Autofac.Integration.WebApi.IAutofacExceptionFilter"/> for the specified controller action.
            </summary>
            <typeparam name="TController">The type of the controller.</typeparam>
            <param name="registration">The registration.</param>
            <param name="actionSelector">The action selector.</param>
            <returns>A registration builder allowing further configuration of the component.</returns>
        </member>
        <member name="M:Autofac.Integration.WebApi.RegistrationExtensions.AsWebApiExceptionFilterFor``1(Autofac.Builder.IRegistrationBuilder{System.Object,Autofac.Builder.IConcreteActivatorData,Autofac.Builder.SingleRegistrationStyle},System.Linq.Expressions.Expression{System.Func{``0,System.Threading.Tasks.Task}})">
            <summary>
            Sets the provided registration to act as an <see cref="T:Autofac.Integration.WebApi.IAutofacExceptionFilter"/> for the specified controller action.
            </summary>
            <typeparam name="TController">The type of the controller.</typeparam>
            <param name="registration">The registration.</param>
            <param name="actionSelector">The action selector.</param>
            <returns>A registration builder allowing further configuration of the component.</returns>
        </member>
        <member name="M:Autofac.Integration.WebApi.RegistrationExtensions.AsWebApiExceptionFilterFor``1(Autofac.Builder.IRegistrationBuilder{System.Object,Autofac.Builder.IConcreteActivatorData,Autofac.Builder.SingleRegistrationStyle})">
            <summary>
            Sets the provided registration to act as an <see cref="T:Autofac.Integration.WebApi.IAutofacExceptionFilter"/> for the specified controller.
            </summary>
            <typeparam name="TController">The type of the controller.</typeparam>
            <param name="registration">The registration.</param>
            <returns>A registration builder allowing further configuration of the component.</returns>
        </member>
        <member name="M:Autofac.Integration.WebApi.RegistrationExtensions.AsWebApiExceptionFilterForAllControllers(Autofac.Builder.IRegistrationBuilder{System.Object,Autofac.Builder.IConcreteActivatorData,Autofac.Builder.SingleRegistrationStyle})">
            <summary>
            Sets the provided registration to act as an <see cref="T:Autofac.Integration.WebApi.IAutofacExceptionFilter"/> for all controllers.
            </summary>
            <param name="registration">The registration.</param>
            <returns>A registration builder allowing further configuration of the component.</returns>
        </member>
        <member name="M:Autofac.Integration.WebApi.RegistrationExtensions.AsWebApiExceptionFilterWhere(Autofac.Builder.IRegistrationBuilder{System.Object,Autofac.Builder.IConcreteActivatorData,Autofac.Builder.SingleRegistrationStyle},System.Func{Autofac.ILifetimeScope,System.Web.Http.Controllers.HttpActionDescriptor,System.Boolean},System.Web.Http.Filters.FilterScope)">
            <summary>
            Sets the provided registration to act as an <see cref="T:Autofac.Integration.WebApi.IAutofacExceptionFilter"/>, based on a predicate that filters which actions it is applied to.
            </summary>
            <param name="registration">The registration.</param>
            <param name="predicate">A predicate that should return true if this filter should be applied to the specified action.</param>
            <param name="filterScope">The scope to apply the filter at (only Controller and Action supported).</param>
            <returns>A registration builder allowing further configuration of the component.</returns>
        </member>
        <member name="M:Autofac.Integration.WebApi.RegistrationExtensions.AsWebApiExceptionFilterWhere(Autofac.Builder.IRegistrationBuilder{System.Object,Autofac.Builder.IConcreteActivatorData,Autofac.Builder.SingleRegistrationStyle},System.Func{System.Web.Http.Controllers.HttpActionDescriptor,System.Boolean},System.Web.Http.Filters.FilterScope)">
            <summary>
            Sets the provided registration to act as an <see cref="T:Autofac.Integration.WebApi.IAutofacExceptionFilter"/>, based on a predicate that filters which actions it is applied to.
            </summary>
            <param name="registration">The registration.</param>
            <param name="predicate">A predicate that should return true if this filter should be applied to the specified action.</param>
            <param name="filterScope">The scope to apply the filter at (only Controller and Action supported).</param>
            <returns>A registration builder allowing further configuration of the component.</returns>
        </member>
        <member name="M:Autofac.Integration.WebApi.RegistrationExtensions.AsWebApiExceptionFilterOverrideFor``1(Autofac.Builder.IRegistrationBuilder{System.Object,Autofac.Builder.IConcreteActivatorData,Autofac.Builder.SingleRegistrationStyle},System.Linq.Expressions.Expression{System.Action{``0}})">
            <summary>
            Sets the provided registration to act as an <see cref="T:Autofac.Integration.WebApi.IAutofacExceptionFilter"/> override for the specified controller action.
            </summary>
            <typeparam name="TController">The type of the controller.</typeparam>
            <param name="registration">The registration.</param>
            <param name="actionSelector">The action selector.</param>
            <returns>A registration builder allowing further configuration of the component.</returns>
        </member>
        <member name="M:Autofac.Integration.WebApi.RegistrationExtensions.AsWebApiExceptionFilterOverrideFor``1(Autofac.Builder.IRegistrationBuilder{System.Object,Autofac.Builder.IConcreteActivatorData,Autofac.Builder.SingleRegistrationStyle},System.Linq.Expressions.Expression{System.Func{``0,System.Threading.Tasks.Task}})">
            <summary>
            Sets the provided registration to act as an <see cref="T:Autofac.Integration.WebApi.IAutofacExceptionFilter"/> override for the specified controller action.
            </summary>
            <typeparam name="TController">The type of the controller.</typeparam>
            <param name="registration">The registration.</param>
            <param name="actionSelector">The action selector.</param>
            <returns>A registration builder allowing further configuration of the component.</returns>
        </member>
        <member name="M:Autofac.Integration.WebApi.RegistrationExtensions.AsWebApiExceptionFilterOverrideFor``1(Autofac.Builder.IRegistrationBuilder{System.Object,Autofac.Builder.IConcreteActivatorData,Autofac.Builder.SingleRegistrationStyle})">
            <summary>
            Sets the provided registration to act as an <see cref="T:Autofac.Integration.WebApi.IAutofacExceptionFilter"/> override for the specified controller.
            </summary>
            <typeparam name="TController">The type of the controller.</typeparam>
            <param name="registration">The registration.</param>
            <returns>A registration builder allowing further configuration of the component.</returns>
        </member>
        <member name="M:Autofac.Integration.WebApi.RegistrationExtensions.AsWebApiExceptionFilterOverrideForAllControllers(Autofac.Builder.IRegistrationBuilder{System.Object,Autofac.Builder.IConcreteActivatorData,Autofac.Builder.SingleRegistrationStyle})">
            <summary>
            Sets the provided registration to act as an <see cref="T:Autofac.Integration.WebApi.IAutofacExceptionFilter"/> override for all controllers.
            </summary>
            <param name="registration">The registration.</param>
            <returns>A registration builder allowing further configuration of the component.</returns>
        </member>
        <member name="M:Autofac.Integration.WebApi.RegistrationExtensions.AsWebApiExceptionFilterOverrideWhere(Autofac.Builder.IRegistrationBuilder{System.Object,Autofac.Builder.IConcreteActivatorData,Autofac.Builder.SingleRegistrationStyle},System.Func{System.Web.Http.Controllers.HttpActionDescriptor,System.Boolean},System.Web.Http.Filters.FilterScope)">
            <summary>
            Sets the provided registration to act as an <see cref="T:Autofac.Integration.WebApi.IAutofacExceptionFilter"/> override, based on a predicate that filters which actions it is applied to.
            </summary>
            <param name="registration">The registration.</param>
            <param name="predicate">A predicate that should return true if this filter should be applied to the specified action.</param>
            <param name="filterScope">The scope to apply the filter at (only Controller and Action supported).</param>
            <returns>A registration builder allowing further configuration of the component.</returns>
        </member>
        <member name="M:Autofac.Integration.WebApi.RegistrationExtensions.AsWebApiExceptionFilterOverrideWhere(Autofac.Builder.IRegistrationBuilder{System.Object,Autofac.Builder.IConcreteActivatorData,Autofac.Builder.SingleRegistrationStyle},System.Func{Autofac.ILifetimeScope,System.Web.Http.Controllers.HttpActionDescriptor,System.Boolean},System.Web.Http.Filters.FilterScope)">
            <summary>
            Sets the provided registration to act as an <see cref="T:Autofac.Integration.WebApi.IAutofacExceptionFilter"/> override, based on a predicate that filters which actions it is applied to.
            </summary>
            <param name="registration">The registration.</param>
            <param name="predicate">A predicate that should return true if this filter should be applied to the specified action.</param>
            <param name="filterScope">The scope to apply the filter at (only Controller and Action supported).</param>
            <returns>A registration builder allowing further configuration of the component.</returns>
        </member>
        <member name="M:Autofac.Integration.WebApi.RegistrationExtensions.AsWebApiAuthenticationFilterFor``1(Autofac.Builder.IRegistrationBuilder{System.Object,Autofac.Builder.IConcreteActivatorData,Autofac.Builder.SingleRegistrationStyle},System.Linq.Expressions.Expression{System.Action{``0}})">
            <summary>
            Sets the provided registration to act as an <see cref="T:Autofac.Integration.WebApi.IAutofacAuthenticationFilter"/> for the specified controller action.
            </summary>
            <typeparam name="TController">The type of the controller.</typeparam>
            <param name="registration">The registration.</param>
            <param name="actionSelector">The action selector.</param>
            <returns>A registration builder allowing further configuration of the component.</returns>
        </member>
        <member name="M:Autofac.Integration.WebApi.RegistrationExtensions.AsWebApiAuthenticationFilterFor``1(Autofac.Builder.IRegistrationBuilder{System.Object,Autofac.Builder.IConcreteActivatorData,Autofac.Builder.SingleRegistrationStyle},System.Linq.Expressions.Expression{System.Func{``0,System.Threading.Tasks.Task}})">
            <summary>
            Sets the provided registration to act as an <see cref="T:Autofac.Integration.WebApi.IAutofacAuthenticationFilter"/> for the specified controller action.
            </summary>
            <typeparam name="TController">The type of the controller.</typeparam>
            <param name="registration">The registration.</param>
            <param name="actionSelector">The action selector.</param>
            <returns>A registration builder allowing further configuration of the component.</returns>
        </member>
        <member name="M:Autofac.Integration.WebApi.RegistrationExtensions.AsWebApiAuthenticationFilterFor``1(Autofac.Builder.IRegistrationBuilder{System.Object,Autofac.Builder.IConcreteActivatorData,Autofac.Builder.SingleRegistrationStyle})">
            <summary>
            Sets the provided registration to act as an <see cref="T:Autofac.Integration.WebApi.IAutofacAuthenticationFilter"/> for the specified controller.
            </summary>
            <typeparam name="TController">The type of the controller.</typeparam>
            <param name="registration">The registration.</param>
            <returns>A registration builder allowing further configuration of the component.</returns>
        </member>
        <member name="M:Autofac.Integration.WebApi.RegistrationExtensions.AsWebApiAuthenticationFilterForAllControllers(Autofac.Builder.IRegistrationBuilder{System.Object,Autofac.Builder.IConcreteActivatorData,Autofac.Builder.SingleRegistrationStyle})">
            <summary>
            Sets the provided registration to act as an <see cref="T:System.Web.Http.Filters.IAuthenticationFilter"/> for all controllers.
            </summary>
            <param name="registration">The registration.</param>
            <returns>A registration builder allowing further configuration of the component.</returns>
        </member>
        <member name="M:Autofac.Integration.WebApi.RegistrationExtensions.AsWebApiAuthenticationFilterWhere(Autofac.Builder.IRegistrationBuilder{System.Object,Autofac.Builder.IConcreteActivatorData,Autofac.Builder.SingleRegistrationStyle},System.Func{Autofac.ILifetimeScope,System.Web.Http.Controllers.HttpActionDescriptor,System.Boolean},System.Web.Http.Filters.FilterScope)">
            <summary>
            Sets the provided registration to act as an <see cref="T:System.Web.Http.Filters.IAuthenticationFilter"/>, based on a predicate that filters which actions it is applied to.
            </summary>
            <param name="registration">The registration.</param>
            <param name="predicate">A predicate that should return true if this filter should be applied to the specified action.</param>
            <param name="filterScope">The scope to apply the filter at (only Controller and Action supported).</param>
            <returns>A registration builder allowing further configuration of the component.</returns>
        </member>
        <member name="M:Autofac.Integration.WebApi.RegistrationExtensions.AsWebApiAuthenticationFilterWhere(Autofac.Builder.IRegistrationBuilder{System.Object,Autofac.Builder.IConcreteActivatorData,Autofac.Builder.SingleRegistrationStyle},System.Func{System.Web.Http.Controllers.HttpActionDescriptor,System.Boolean},System.Web.Http.Filters.FilterScope)">
            <summary>
            Sets the provided registration to act as an <see cref="T:System.Web.Http.Filters.IAuthenticationFilter"/>, based on a predicate that filters which actions it is applied to.
            </summary>
            <param name="registration">The registration.</param>
            <param name="predicate">A predicate that should return true if this filter should be applied to the specified action.</param>
            <param name="filterScope">The scope to apply the filter at (only Controller and Action supported).</param>
            <returns>A registration builder allowing further configuration of the component.</returns>
        </member>
        <member name="M:Autofac.Integration.WebApi.RegistrationExtensions.AsWebApiAuthenticationFilterOverrideFor``1(Autofac.Builder.IRegistrationBuilder{System.Object,Autofac.Builder.IConcreteActivatorData,Autofac.Builder.SingleRegistrationStyle},System.Linq.Expressions.Expression{System.Action{``0}})">
            <summary>
            Sets the provided registration to act as an <see cref="T:Autofac.Integration.WebApi.IAutofacAuthenticationFilter"/> override for the specified controller action.
            </summary>
            <typeparam name="TController">The type of the controller.</typeparam>
            <param name="registration">The registration.</param>
            <param name="actionSelector">The action selector.</param>
            <returns>A registration builder allowing further configuration of the component.</returns>
        </member>
        <member name="M:Autofac.Integration.WebApi.RegistrationExtensions.AsWebApiAuthenticationFilterOverrideFor``1(Autofac.Builder.IRegistrationBuilder{System.Object,Autofac.Builder.IConcreteActivatorData,Autofac.Builder.SingleRegistrationStyle},System.Linq.Expressions.Expression{System.Func{``0,System.Threading.Tasks.Task}})">
            <summary>
            Sets the provided registration to act as an <see cref="T:Autofac.Integration.WebApi.IAutofacAuthenticationFilter"/> override for the specified controller action.
            </summary>
            <typeparam name="TController">The type of the controller.</typeparam>
            <param name="registration">The registration.</param>
            <param name="actionSelector">The action selector.</param>
            <returns>A registration builder allowing further configuration of the component.</returns>
        </member>
        <member name="M:Autofac.Integration.WebApi.RegistrationExtensions.AsWebApiAuthenticationFilterOverrideFor``1(Autofac.Builder.IRegistrationBuilder{System.Object,Autofac.Builder.IConcreteActivatorData,Autofac.Builder.SingleRegistrationStyle})">
            <summary>
            Sets the provided registration to act as an <see cref="T:Autofac.Integration.WebApi.IAutofacAuthenticationFilter"/> override for the specified controller.
            </summary>
            <typeparam name="TController">The type of the controller.</typeparam>
            <param name="registration">The registration.</param>
            <returns>A registration builder allowing further configuration of the component.</returns>
        </member>
        <member name="M:Autofac.Integration.WebApi.RegistrationExtensions.AsWebApiAuthenticationFilterOverrideForAllControllers(Autofac.Builder.IRegistrationBuilder{System.Object,Autofac.Builder.IConcreteActivatorData,Autofac.Builder.SingleRegistrationStyle})">
            <summary>
            Sets the provided registration to act as an <see cref="T:System.Web.Http.Filters.IAuthenticationFilter"/> override for all controllers.
            </summary>
            <param name="registration">The registration.</param>
            <returns>A registration builder allowing further configuration of the component.</returns>
        </member>
        <member name="M:Autofac.Integration.WebApi.RegistrationExtensions.AsWebApiAuthenticationFilterOverrideWhere(Autofac.Builder.IRegistrationBuilder{System.Object,Autofac.Builder.IConcreteActivatorData,Autofac.Builder.SingleRegistrationStyle},System.Func{Autofac.ILifetimeScope,System.Web.Http.Controllers.HttpActionDescriptor,System.Boolean},System.Web.Http.Filters.FilterScope)">
            <summary>
            Sets the provided registration to act as an <see cref="T:System.Web.Http.Filters.IAuthenticationFilter"/> override, based on a predicate that filters which actions it is applied to.
            </summary>
            <param name="registration">The registration.</param>
            <param name="predicate">A predicate that should return true if this filter should be applied to the specified action.</param>
            <param name="filterScope">The scope to apply the filter at (only Controller and Action supported).</param>
            <returns>A registration builder allowing further configuration of the component.</returns>
        </member>
        <member name="M:Autofac.Integration.WebApi.RegistrationExtensions.AsWebApiAuthenticationFilterOverrideWhere(Autofac.Builder.IRegistrationBuilder{System.Object,Autofac.Builder.IConcreteActivatorData,Autofac.Builder.SingleRegistrationStyle},System.Func{System.Web.Http.Controllers.HttpActionDescriptor,System.Boolean},System.Web.Http.Filters.FilterScope)">
            <summary>
            Sets the provided registration to act as an <see cref="T:System.Web.Http.Filters.IAuthenticationFilter"/> override, based on a predicate that filters which actions it is applied to.
            </summary>
            <param name="registration">The registration.</param>
            <param name="predicate">A predicate that should return true if this filter should be applied to the specified action.</param>
            <param name="filterScope">The scope to apply the filter at (only Controller and Action supported).</param>
            <returns>A registration builder allowing further configuration of the component.</returns>
        </member>
        <member name="M:Autofac.Integration.WebApi.RegistrationExtensions.OverrideWebApiActionFilterFor``1(Autofac.ContainerBuilder,System.Linq.Expressions.Expression{System.Action{``0}})">
            <summary>
            Sets the provided registration to act as an <see cref="T:System.Web.Http.Filters.IOverrideFilter"/> for the specified controller action.
            </summary>
            <param name="builder">The container builder.</param>
            <param name="actionSelector">The action selector.</param>
        </member>
        <member name="M:Autofac.Integration.WebApi.RegistrationExtensions.OverrideWebApiActionFilterFor``1(Autofac.ContainerBuilder)">
            <summary>
            Sets the provided registration to act as an <see cref="T:System.Web.Http.Filters.IOverrideFilter"/> for the specified controller.
            </summary>
            <param name="builder">The container builder.</param>
        </member>
        <member name="M:Autofac.Integration.WebApi.RegistrationExtensions.OverrideWebApiAuthorizationFilterFor``1(Autofac.ContainerBuilder,System.Linq.Expressions.Expression{System.Action{``0}})">
            <summary>
            Sets the provided registration to act as an <see cref="T:System.Web.Http.Filters.IOverrideFilter"/> for the specified controller action.
            </summary>
            <param name="builder">The container builder.</param>
            <param name="actionSelector">The action selector.</param>
        </member>
        <member name="M:Autofac.Integration.WebApi.RegistrationExtensions.OverrideWebApiAuthorizationFilterFor``1(Autofac.ContainerBuilder)">
            <summary>
            Sets the provided registration to act as an <see cref="T:System.Web.Http.Filters.IOverrideFilter"/> for the specified controller.
            </summary>
            <param name="builder">The container builder.</param>
        </member>
        <member name="M:Autofac.Integration.WebApi.RegistrationExtensions.OverrideWebApiExceptionFilterFor``1(Autofac.ContainerBuilder,System.Linq.Expressions.Expression{System.Action{``0}})">
            <summary>
            Sets the provided registration to act as an <see cref="T:System.Web.Http.Filters.IOverrideFilter"/> for the specified controller action.
            </summary>
            <param name="builder">The container builder.</param>
            <param name="actionSelector">The action selector.</param>
        </member>
        <member name="M:Autofac.Integration.WebApi.RegistrationExtensions.OverrideWebApiExceptionFilterFor``1(Autofac.ContainerBuilder)">
            <summary>
            Sets the provided registration to act as an <see cref="T:System.Web.Http.Filters.IOverrideFilter"/> for the specified controller.
            </summary>
            <param name="builder">The container builder.</param>
        </member>
        <member name="M:Autofac.Integration.WebApi.RegistrationExtensions.OverrideWebApiAuthenticationFilterFor``1(Autofac.ContainerBuilder,System.Linq.Expressions.Expression{System.Action{``0}})">
            <summary>
            Sets the provided registration to act as an <see cref="T:System.Web.Http.Filters.IOverrideFilter"/> for the specified controller action.
            </summary>
            <param name="builder">The container builder.</param>
            <param name="actionSelector">The action selector.</param>
        </member>
        <member name="M:Autofac.Integration.WebApi.RegistrationExtensions.OverrideWebApiAuthenticationFilterFor``1(Autofac.ContainerBuilder)">
            <summary>
            Sets the provided registration to act as an <see cref="T:System.Web.Http.Filters.IOverrideFilter"/> for the specified controller.
            </summary>
            <param name="builder">The container builder.</param>
        </member>
        <member name="M:Autofac.Integration.WebApi.RegistrationExtensions.GetOrCreateMetadata(Autofac.Builder.IRegistrationBuilder{System.Object,Autofac.Builder.IConcreteActivatorData,Autofac.Builder.SingleRegistrationStyle},Autofac.Integration.WebApi.FilterMetadata@)">
            <summary>
            Retrieve or create filter metadata. We want to maintain the fluent flow when we change
            registration metadata so we'll do that here.
            </summary>
        </member>
        <member name="M:Autofac.Integration.WebApi.RegistrationExtensions.GetOrCreateOverrideMetadata(Autofac.Builder.IRegistrationBuilder{Autofac.Integration.WebApi.AutofacOverrideFilter,Autofac.Builder.SimpleActivatorData,Autofac.Builder.SingleRegistrationStyle},Autofac.Integration.WebApi.FilterMetadata@)">
            <summary>
            Retrieve or create filter metadata for override filters. We want to maintain the fluent flow when we change
            registration metadata so we'll do that here.
            </summary>
        </member>
        <member name="T:Autofac.Integration.WebApi.RegistrationExtensionsResources">
            <summary>
              A strongly-typed resource class, for looking up localized strings, etc.
            </summary>
        </member>
        <member name="P:Autofac.Integration.WebApi.RegistrationExtensionsResources.ResourceManager">
            <summary>
              Returns the cached ResourceManager instance used by this class.
            </summary>
        </member>
        <member name="P:Autofac.Integration.WebApi.RegistrationExtensionsResources.Culture">
            <summary>
              Overrides the current thread's CurrentUICulture property for all
              resource lookups using this strongly typed resource class.
            </summary>
        </member>
        <member name="P:Autofac.Integration.WebApi.RegistrationExtensionsResources.InvalidActionExpress">
            <summary>
              Looks up a localized string similar to The action method Expression is invalid. It should consist only of a Method call to a controller action method..
            </summary>
        </member>
        <member name="P:Autofac.Integration.WebApi.RegistrationExtensionsResources.ListMustNotBeEmptyOrContainNulls">
            <summary>
              Looks up a localized string similar to Type list may not be empty or contain all null values..
            </summary>
        </member>
        <member name="P:Autofac.Integration.WebApi.RegistrationExtensionsResources.MustBeAssignableToActionFilterType">
            <summary>
              Looks up a localized string similar to The type &apos;{0}&apos; must be assignable to &apos;{1}&apos; or &apos;{2}&apos;..
            </summary>
        </member>
        <member name="P:Autofac.Integration.WebApi.RegistrationExtensionsResources.MustBeAssignableToFilterType">
            <summary>
              Looks up a localized string similar to The type &apos;{0}&apos; must be assignable to &apos;{1}&apos;..
            </summary>
        </member>
    </members>
</doc>
